Species,MaxLengthTL,Troph,K,eco_ind,country_name,PRODUCTION_AREA,ISO3_Code,COUNTRY,mean_prod,ISO_N3,ECOREGION,n_eco,mean_prod_ecoreg
Dicentrarchus labrax,103,3.47,0.17,0.30714285714285716,Albania,37,ALB,8,172.74,8,Adriatic Sea,2,86.37
Dicentrarchus labrax,103,3.47,0.17,0.30714285714285716,Albania,37,ALB,8,172.74,8,Ionian Sea,2,86.37
Sparus aurata,70,3.7,0.28,0.39229024943310664,Albania,37,ALB,8,395.48,8,Adriatic Sea,2,197.74
Sparus aurata,70,3.7,0.28,0.39229024943310664,Albania,37,ALB,8,395.48,8,Ionian Sea,2,197.74
Salmo salar,150,4.5,0.23,0.5487528344671202,Australia,81,AUS,36,38227.8367,36,Bassian,1,38227.8367
Thunnus maccoyii,271.95,3.93,0.14,0.49383786848072564,Australia,57,AUS,36,6797.0632,36,South Australian Gulfs,1,6797.0632
Rachycentron canadum,200,3.82,0.31,0.5349206349206349,Bahamas,31,BHS,44,21.66666667,44,Bahamian,1,21.66666667
Sparus aurata,70,3.7,0.28,0.39229024943310664,Bahrain,51,BHR,48,1.2044,48,Arabian (Persian) Gulf,1,1.2044
Dicentrarchus labrax,103,3.47,0.17,0.30714285714285716,Bosnia and Herzegovina,37,BIH,70,84.9375,70,Adriatic Sea,1,84.9375
Sparus aurata,70,3.7,0.28,0.39229024943310664,Bosnia and Herzegovina,37,BIH,70,96.74444444,70,Adriatic Sea,1,96.74444444
Rachycentron canadum,200,3.82,0.31,0.5349206349206349,Belize,31,BLZ,84,121.6714286,84,Western Caribbean,1,121.6714286
Chanos chanos,219.6,2.4,0.19482758620689655,0.24673078426773007,Brunei Darussalam,71,BRN,96,0.8,96,Palawan/North Borneo,1,0.8
Lates calcarifer,200,3.83,0.12,0.4072562358276644,Brunei Darussalam,71,BRN,96,48.23,96,Palawan/North Borneo,1,48.23
Trachinotus blochii,122.1,3.74,0.17,0.3651587301587302,Brunei Darussalam,71,BRN,96,9.77,96,Palawan/North Borneo,1,9.77
Lates calcarifer,200,3.83,0.12,0.4072562358276644,Myanmar,57,MMR,104,165.1542294,104,Andaman Sea Coral Coast,2,82.5771147
Lates calcarifer,200,3.83,0.12,0.4072562358276644,Myanmar,57,MMR,104,165.1542294,104,Northern Bay of Bengal,2,82.5771147
Lates calcarifer,200,3.83,0.12,0.4072562358276644,Cambodia,71,KHM,116,147.7777778,116,Gulf of Thailand,1,147.7777778
Salmo salar,150,4.5,0.23,0.5487528344671202,Canada,21,CAN,124,29922.4,124,Northern Grand Banks - Southern Labrador,3,9974.133333333333
Salmo salar,150,4.5,0.23,0.5487528344671202,Canada,21,CAN,124,29922.4,124,Gulf of St. Lawrence - Eastern Scotian Shelf,3,9974.133333333333
Salmo salar,150,4.5,0.23,0.5487528344671202,Canada,21,CAN,124,29922.4,124,Southern Grand Banks - South Newfoundland,3,9974.133333333333
Oncorhynchus mykiss,122,4.08,0.52,0.6571428571428571,Canada,67,CAN,124,200,124,North American Pacific Fijordland,5,40
Oncorhynchus mykiss,122,4.08,0.52,0.6571428571428571,Canada,67,CAN,124,200,124,"Oregon, Washington, Vancouver Coast and Shelf",5,40
Oncorhynchus mykiss,122,4.08,0.52,0.6571428571428571,Canada,67,CAN,124,200,124,Gulf of Maine/Bay of Fundy,5,40
Oncorhynchus mykiss,122,4.08,0.52,0.6571428571428571,Canada,67,CAN,124,200,124,Scotian Shelf,5,40
Oncorhynchus mykiss,122,4.08,0.52,0.6571428571428571,Canada,67,CAN,124,200,124,Puget Trough/Georgia Basin,5,40
Salmo salar,150,4.5,0.23,0.5487528344671202,Canada,67,CAN,124,76496.9,124,North American Pacific Fijordland,5,15299.38
Salmo salar,150,4.5,0.23,0.5487528344671202,Canada,67,CAN,124,76496.9,124,"Oregon, Washington, Vancouver Coast and Shelf",5,15299.38
Salmo salar,150,4.5,0.23,0.5487528344671202,Canada,67,CAN,124,76496.9,124,Gulf of Maine/Bay of Fundy,5,15299.38
Salmo salar,150,4.5,0.23,0.5487528344671202,Canada,67,CAN,124,76496.9,124,Scotian Shelf,5,15299.38
Salmo salar,150,4.5,0.23,0.5487528344671202,Canada,67,CAN,124,76496.9,124,Puget Trough/Georgia Basin,5,15299.38
Lates calcarifer,200,3.83,0.12,0.4072562358276644,Sri Lanka,57,LKA,144,11.647,144,South India and Sri Lanka,1,11.647
Oncorhynchus mykiss,122,4.08,0.52,0.6571428571428571,Chile,87,CHL,152,158339.1,152,Channels and Fjords of Southern Chile,2,79169.55
Oncorhynchus mykiss,122,4.08,0.52,0.6571428571428571,Chile,87,CHL,152,158339.1,152,Chiloense,2,79169.55
Salmo salar,150,4.5,0.23,0.5487528344671202,Chile,87,CHL,152,394379.1,152,Channels and Fjords of Southern Chile,2,197189.55
Salmo salar,150,4.5,0.23,0.5487528344671202,Chile,87,CHL,152,394379.1,152,Chiloense,2,197189.55
Oncorhynchus kisutch,107.95,4.18,0.1,0.3761507936507937,Chile,87,CHL,152,126122.1,152,Channels and Fjords of Southern Chile,2,63061.05
Oncorhynchus tshawytscha,150,4.4,0.07,0.42403628117913844,Chile,87,CHL,152,698.7,152,Channels and Fjords of Southern Chile,2,349.35
Oncorhynchus kisutch,107.95,4.18,0.1,0.3761507936507937,Chile,87,CHL,152,126122.1,152,Chiloense,2,63061.05
Oncorhynchus tshawytscha,150,4.4,0.07,0.42403628117913844,Chile,87,CHL,152,698.7,152,Chiloense,2,349.35
Rachycentron canadum,200,3.82,0.31,0.5349206349206349,China,61,CHN,156,33914.8,156,East China Sea,3,11304.933333333334
Rachycentron canadum,200,3.82,0.31,0.5349206349206349,China,61,CHN,156,33914.8,156,Yellow Sea,3,11304.933333333334
Rachycentron canadum,200,3.82,0.31,0.5349206349206349,China,61,CHN,156,33914.8,156,Southern China,3,11304.933333333334
Sciaenops ocellatus,155,3.74,0.4,0.5477324263038549,China,61,CHN,156,60190.3,156,East China Sea,3,20063.433333333334
Sciaenops ocellatus,155,3.74,0.4,0.5477324263038549,China,61,CHN,156,60190.3,156,Yellow Sea,3,20063.433333333334
Sciaenops ocellatus,155,3.74,0.4,0.5477324263038549,China,61,CHN,156,60190.3,156,Southern China,3,20063.433333333334
Scophthalmus maximus,122,4.36,0.25,0.5179138321995466,China,61,CHN,156,56500,156,East China Sea,2,28250
Scophthalmus maximus,122,4.36,0.25,0.5179138321995466,China,61,CHN,156,56500,156,Yellow Sea,2,28250
Larimichthys crocea,80,3.72,0.23,0.3693877551020408,China,61,CHN,156,100224,156,East China Sea,3,33408
Lateolabrax japonicus,102,3.36,0.18,0.2956916099773243,China,61,CHN,156,115693.8,156,East China Sea,3,38564.6
Takifugu rubripes,80,3.6,0.31,0.4047619047619048,China,61,CHN,156,17053.1,156,East China Sea,3,5684.366666666666
Trachinotus blochii,122.1,3.74,0.17,0.3651587301587302,China,61,CHN,156,89100,156,East China Sea,3,29700
Larimichthys crocea,80,3.72,0.23,0.3693877551020408,China,61,CHN,156,100224,156,Yellow Sea,3,33408
Lateolabrax japonicus,102,3.36,0.18,0.2956916099773243,China,61,CHN,156,115693.8,156,Yellow Sea,3,38564.6
Takifugu rubripes,80,3.6,0.31,0.4047619047619048,China,61,CHN,156,17053.1,156,Yellow Sea,3,5684.366666666666
Trachinotus blochii,122.1,3.74,0.17,0.3651587301587302,China,61,CHN,156,89100,156,Yellow Sea,3,29700
Larimichthys crocea,80,3.72,0.23,0.3693877551020408,China,61,CHN,156,100224,156,Southern China,3,33408
Lateolabrax japonicus,102,3.36,0.18,0.2956916099773243,China,61,CHN,156,115693.8,156,Southern China,3,38564.6
Takifugu rubripes,80,3.6,0.31,0.4047619047619048,China,61,CHN,156,17053.1,156,Southern China,3,5684.366666666666
Trachinotus blochii,122.1,3.74,0.17,0.3651587301587302,China,61,CHN,156,89100,156,Southern China,3,29700
Rachycentron canadum,200,3.82,0.31,0.5349206349206349,Taiwan Province of China,61,TWN,158,1577.673123,158,East China Sea,3,525.891041
Rachycentron canadum,200,3.82,0.31,0.5349206349206349,Taiwan Province of China,61,TWN,158,1577.673123,158,Southern China,3,525.891041
Rachycentron canadum,200,3.82,0.31,0.5349206349206349,Taiwan Province of China,61,TWN,158,1577.673123,158,South Kuroshio,3,525.891041
Acanthopagrus schlegeli,NA,NA,NA,NA,Taiwan Province of China,61,TWN,158,0.875,158,East China Sea,3,0.2916666666666667
Lates calcarifer,200,3.83,0.12,0.4072562358276644,Taiwan Province of China,61,TWN,158,0.666666667,158,East China Sea,3,0.22222222233333333
Pagrus auratus,130,3.59,0.1,0.3,Taiwan Province of China,61,TWN,158,60,158,East China Sea,3,20
Acanthopagrus schlegeli,NA,NA,NA,NA,Taiwan Province of China,61,TWN,158,0.875,158,Southern China,3,0.2916666666666667
Lates calcarifer,200,3.83,0.12,0.4072562358276644,Taiwan Province of China,61,TWN,158,0.666666667,158,Southern China,3,0.22222222233333333
Pagrus auratus,130,3.59,0.1,0.3,Taiwan Province of China,61,TWN,158,60,158,Southern China,3,20
Acanthopagrus schlegeli,NA,NA,NA,NA,Taiwan Province of China,61,TWN,158,0.875,158,South Kuroshio,3,0.2916666666666667
Lates calcarifer,200,3.83,0.12,0.4072562358276644,Taiwan Province of China,61,TWN,158,0.666666667,158,South Kuroshio,3,0.22222222233333333
Pagrus auratus,130,3.59,0.1,0.3,Taiwan Province of China,61,TWN,158,60,158,South Kuroshio,3,20
Rachycentron canadum,200,3.82,0.31,0.5349206349206349,Colombia,31,COL,170,112.1666667,170,Panama Bight,2,56.08333335
Rachycentron canadum,200,3.82,0.31,0.5349206349206349,Colombia,31,COL,170,112.1666667,170,Southwestern Caribbean,2,56.08333335
Rachycentron canadum,200,3.82,0.31,0.5349206349206349,Mayotte,51,MYT,175,4,175,Western and Northern Madagascar,1,4
Sciaenops ocellatus,155,3.74,0.4,0.5477324263038549,Mayotte,51,MYT,175,84.92,175,Western and Northern Madagascar,1,84.92
Argyrosomus regius,230,4.29,0.12,0.5040816326530613,Croatia,37,HRV,191,51.61528571,191,Adriatic Sea,1,51.61528571
Dicentrarchus labrax,103,3.47,0.17,0.30714285714285716,Croatia,37,HRV,191,3216.7134,191,Adriatic Sea,1,3216.7134
Oncorhynchus mykiss,122,4.08,0.52,0.6571428571428571,Croatia,37,HRV,191,2.084875,191,Adriatic Sea,1,2.084875
Scophthalmus maximus,122,4.36,0.25,0.5179138321995466,Croatia,37,HRV,191,2.729666667,191,Adriatic Sea,1,2.729666667
Sparus aurata,70,3.7,0.28,0.39229024943310664,Croatia,37,HRV,191,2625.0319,191,Adriatic Sea,1,2625.0319
Thunnus thynnus,458,4.45,0.08,0.6832199546485261,Croatia,37,HRV,191,1575.5,191,Adriatic Sea,1,1575.5
Argyrosomus regius,230,4.29,0.12,0.5040816326530613,Cyprus,37,CYP,196,26.93285714,196,Aegean Sea,1,26.93285714
Dicentrarchus labrax,103,3.47,0.17,0.30714285714285716,Cyprus,37,CYP,196,1247,196,Aegean Sea,1,1247
Siganus rivulatus,NA,NA,NA,NA,Cyprus,37,CYP,196,0.94,196,Aegean Sea,1,0.94
Sparus aurata,70,3.7,0.28,0.39229024943310664,Cyprus,37,CYP,196,3028,196,Aegean Sea,1,3028
Thunnus thynnus,458,4.45,0.08,0.6832199546485261,Cyprus,37,CYP,196,50,196,Aegean Sea,1,50
Oncorhynchus mykiss,122,4.08,0.52,0.6571428571428571,Denmark,27,DNK,208,10453.928,208,North Sea,1,10453.928
Scophthalmus maximus,122,4.36,0.25,0.5179138321995466,Denmark,27,DNK,208,6.6375,208,North Sea,1,6.6375
Gadus morhua,200,4.09,0.14,0.4621315192743764,Denmark,27,DNK,208,2.5,208,North Sea,1,2.5
Rachycentron canadum,200,3.82,0.31,0.5349206349206349,Dominican Republic,31,DOM,214,100,214,Greater Antilles,1,100
Sparus aurata,70,3.7,0.28,0.39229024943310664,Dominican Republic,31,DOM,214,350,214,Greater Antilles,1,350
Rachycentron canadum,200,3.82,0.31,0.5349206349206349,Ecuador,87,ECU,218,34.73,218,Panama Bight,2,17.365
Rachycentron canadum,200,3.82,0.31,0.5349206349206349,Ecuador,87,ECU,218,34.73,218,Guayaquil,2,17.365
Oncorhynchus mykiss,122,4.08,0.52,0.6571428571428571,Faroe Islands,27,FRO,234,5351.4,234,Faroe Plateau,1,5351.4
Salmo salar,150,4.5,0.23,0.5487528344671202,Faroe Islands,27,FRO,234,62078.5,234,Faroe Plateau,1,62078.5
Dicentrarchus labrax,103,3.47,0.17,0.30714285714285716,France,27,FRA,250,1191.025,250,South European Atlantic Shelf,2,595.5125
Oncorhynchus mykiss,122,4.08,0.52,0.6571428571428571,France,27,FRA,250,29.8,250,South European Atlantic Shelf,2,14.9
Salmo salar,150,4.5,0.23,0.5487528344671202,France,27,FRA,250,667,250,South European Atlantic Shelf,2,333.5
Scophthalmus maximus,122,4.36,0.25,0.5179138321995466,France,27,FRA,250,477.16,250,South European Atlantic Shelf,1,477.16
Sparus aurata,70,3.7,0.28,0.39229024943310664,France,27,FRA,250,697.325,250,South European Atlantic Shelf,2,348.6625
Dicentrarchus labrax,103,3.47,0.17,0.30714285714285716,France,27,FRA,250,1191.025,250,North Sea,2,595.5125
Oncorhynchus mykiss,122,4.08,0.52,0.6571428571428571,France,27,FRA,250,29.8,250,North Sea,2,14.9
Salmo salar,150,4.5,0.23,0.5487528344671202,France,27,FRA,250,667,250,North Sea,2,333.5
Sparus aurata,70,3.7,0.28,0.39229024943310664,France,27,FRA,250,697.325,250,North Sea,2,348.6625
Argyrosomus regius,230,4.29,0.12,0.5040816326530613,France,37,FRA,250,468.72,250,Western Mediterranean,1,468.72
Dicentrarchus labrax,103,3.47,0.17,0.30714285714285716,France,37,FRA,250,1526.62,250,Western Mediterranean,1,1526.62
Dicentrarchus labrax,103,3.47,0.17,0.30714285714285716,France,37,FRA,250,1526.62,250,Western Mediterranean,1,1526.62
Sparus aurata,70,3.7,0.28,0.39229024943310664,France,37,FRA,250,748.03,250,Western Mediterranean,1,748.03
Scophthalmus maximus,122,4.36,0.25,0.5179138321995466,Germany,27,DEU,276,15,276,Baltic Sea,2,7.5
Scophthalmus maximus,122,4.36,0.25,0.5179138321995466,Germany,27,DEU,276,15,276,North Sea,2,7.5
Paralichthys olivaceus,103,3.72,0.15,0.3332199546485261,Germany,27,DEU,276,0.25,276,Baltic Sea,1,0.25
Argyrosomus regius,230,4.29,0.12,0.5040816326530613,Greece,37,GRC,300,708.62,300,Aegean Sea,1,708.62
Dicentrarchus labrax,103,3.47,0.17,0.30714285714285716,Greece,37,GRC,300,36157.97,300,Aegean Sea,2,18078.985
Dicentrarchus labrax,103,3.47,0.17,0.30714285714285716,Greece,37,GRC,300,36157.97,300,Ionian Sea,2,18078.985
Sparus aurata,70,3.7,0.28,0.39229024943310664,Greece,37,GRC,300,52539.02,300,Aegean Sea,1,52539.02
Sparus aurata,70,3.7,0.28,0.39229024943310664,Greece,37,GRC,300,52539.02,300,Aegean Sea,1,52539.02
Thunnus thynnus,458,4.45,0.08,0.6832199546485261,Greece,37,GRC,300,67.5,300,Ionian Sea,1,67.5
Thunnus thynnus,458,4.45,0.08,0.6832199546485261,Greece,37,GRC,300,67.5,300,Ionian Sea,1,67.5
Mugil cephalus,122,2.48,0.23,0.20589569160997734,Greece,37,GRC,300,47.68222222,300,Ionian Sea,2,23.84111111
Pagrus pagrus,91,3.86,0.13,0.332312925170068,Greece,37,GRC,300,1035.88,300,Ionian Sea,2,517.94
Mugil cephalus,122,2.48,0.23,0.20589569160997734,Greece,37,GRC,300,47.68222222,300,Aegean Sea,2,23.84111111
Pagrus pagrus,91,3.86,0.13,0.332312925170068,Greece,37,GRC,300,1035.88,300,Aegean Sea,2,517.94
Sciaenops ocellatus,155,3.74,0.4,0.5477324263038549,Guadeloupe,31,GLP,312,6.79,312,Eastern Caribbean,1,6.79
Trachinotus blochii,122.1,3.74,0.17,0.3651587301587302,"China, Hong Kong SAR",61,HKG,344,62,344,Southern China,1,62
Salmo salar,150,4.5,0.23,0.5487528344671202,Iceland,27,ISL,352,100.3333333,352,South and West Iceland,1,100.3333333
Scophthalmus maximus,122,4.36,0.25,0.5179138321995466,Iceland,27,ISL,352,37.88888889,352,South and West Iceland,1,37.88888889
Gadus morhua,200,4.09,0.14,0.4621315192743764,Iceland,27,ISL,352,878.6,352,South and West Iceland,1,878.6
Hippoglossus hippoglossus,470,4,0.03,0.5873015873015873,Iceland,27,ISL,352,26.35555556,352,South and West Iceland,1,26.35555556
Chanos chanos,219.6,2.4,0.19482758620689655,0.24673078426773007,Indonesia,71,IDN,360,162.684,360,Malacca Strait,7,23.240571428571428
Chanos chanos,219.6,2.4,0.19482758620689655,0.24673078426773007,Indonesia,71,IDN,360,162.684,360,Western Sumatra,7,23.240571428571428
Chanos chanos,219.6,2.4,0.19482758620689655,0.24673078426773007,Indonesia,71,IDN,360,162.684,360,Sunda Shelf/Java Sea,7,23.240571428571428
Chanos chanos,219.6,2.4,0.19482758620689655,0.24673078426773007,Indonesia,71,IDN,360,162.684,360,Southern Java,7,23.240571428571428
Chanos chanos,219.6,2.4,0.19482758620689655,0.24673078426773007,Indonesia,71,IDN,360,162.684,360,Sulawesi Sea/Makassar Strait,7,23.240571428571428
Chanos chanos,219.6,2.4,0.19482758620689655,0.24673078426773007,Indonesia,71,IDN,360,162.684,360,Lesser Sunda,7,23.240571428571428
Chanos chanos,219.6,2.4,0.19482758620689655,0.24673078426773007,Indonesia,71,IDN,360,162.684,360,Banda Sea,7,23.240571428571428
Lates calcarifer,200,3.83,0.12,0.4072562358276644,Indonesia,71,IDN,360,2040.2215,360,Malacca Strait,7,291.4602142857143
Lates calcarifer,200,3.83,0.12,0.4072562358276644,Indonesia,71,IDN,360,2040.2215,360,Western Sumatra,7,291.4602142857143
Lates calcarifer,200,3.83,0.12,0.4072562358276644,Indonesia,71,IDN,360,2040.2215,360,Sunda Shelf/Java Sea,7,291.4602142857143
Lates calcarifer,200,3.83,0.12,0.4072562358276644,Indonesia,71,IDN,360,2040.2215,360,Southern Java,7,291.4602142857143
Lates calcarifer,200,3.83,0.12,0.4072562358276644,Indonesia,71,IDN,360,2040.2215,360,Sulawesi Sea/Makassar Strait,7,291.4602142857143
Lates calcarifer,200,3.83,0.12,0.4072562358276644,Indonesia,71,IDN,360,2040.2215,360,Lesser Sunda,7,291.4602142857143
Lates calcarifer,200,3.83,0.12,0.4072562358276644,Indonesia,71,IDN,360,2040.2215,360,Banda Sea,7,291.4602142857143
Oncorhynchus mykiss,122,4.08,0.52,0.6571428571428571,Ireland,27,IRL,372,472.7714286,372,Celtic Seas,1,472.7714286
Salmo salar,150,4.5,0.23,0.5487528344671202,Ireland,27,IRL,372,11958.55,372,Celtic Seas,1,11958.55
Dicentrarchus labrax,103,3.47,0.17,0.30714285714285716,Israel,37,ISR,376,26.75,376,Levantine Sea,1,26.75
Sciaenops ocellatus,155,3.74,0.4,0.5477324263038549,Israel,37,ISR,376,60.5,376,Levantine Sea,1,60.5
Sparus aurata,70,3.7,0.28,0.39229024943310664,Israel,37,ISR,376,1808.4,376,Levantine Sea,1,1808.4
Argyrosomus regius,230,4.29,0.12,0.5040816326530613,Italy,37,ITA,380,54.375,380,Western Mediterranean,1,54.375
Dicentrarchus labrax,103,3.47,0.17,0.30714285714285716,Italy,37,ITA,380,3335.894,380,Western Mediterranean,3,1111.9646666666665
Dicentrarchus labrax,103,3.47,0.17,0.30714285714285716,Italy,37,ITA,380,3335.894,380,Ionian Sea,3,1111.9646666666665
Dicentrarchus labrax,103,3.47,0.17,0.30714285714285716,Italy,37,ITA,380,3335.894,380,Adriatic Sea,3,1111.9646666666665
Sparus aurata,70,3.7,0.28,0.39229024943310664,Italy,37,ITA,380,4182.886,380,Western Mediterranean,3,1394.2953333333335
Sparus aurata,70,3.7,0.28,0.39229024943310664,Italy,37,ITA,380,4182.886,380,Ionian Sea,3,1394.2953333333335
Sparus aurata,70,3.7,0.28,0.39229024943310664,Italy,37,ITA,380,4182.886,380,Adriatic Sea,3,1394.2953333333335
Thunnus thynnus,458,4.45,0.08,0.6832199546485261,Italy,37,ITA,380,361.06,380,Western Mediterranean,3,120.35333333333334
Thunnus thynnus,458,4.45,0.08,0.6832199546485261,Italy,37,ITA,380,361.06,380,Ionian Sea,3,120.35333333333334
Thunnus thynnus,458,4.45,0.08,0.6832199546485261,Italy,37,ITA,380,361.06,380,Adriatic Sea,3,120.35333333333334
Mugil cephalus,122,2.48,0.23,0.20589569160997734,Italy,37,ITA,380,6,380,Ionian Sea,1,6
Oncorhynchus kisutch,107.95,4.18,0.1,0.3761507936507937,Japan,61,JPN,392,11891.8,392,Central Kuroshio Current,4,2972.95
Pagrus auratus,130,3.59,0.1,0.3,Japan,61,JPN,392,64378.9,392,Chiloense,4,16094.725
Paralichthys olivaceus,103,3.72,0.15,0.3332199546485261,Japan,61,JPN,392,3394.9,392,North Sea,4,848.725
Pseudocaranx dentex,122,3.92,0.17,0.39365079365079364,Japan,61,JPN,392,3101.3,392,Central Kuroshio Current,4,775.325
Seriola quinqueradiata,150,3.96,0.33,0.5310657596371883,Japan,61,JPN,392,148134.6,392,Central Kuroshio Current,4,37033.65
Takifugu rubripes,80,3.6,0.31,0.4047619047619048,Japan,61,JPN,392,4273.1,392,Central Kuroshio Current,4,1068.275
Thunnus orientalis,333,4.5,0.15,0.6395691609977324,Japan,61,JPN,392,12597.2,392,Central Kuroshio Current,4,3149.3
Trachurus japonicus,50,3.4,0.31,0.34920634920634924,Japan,61,JPN,392,1215.2,392,Central Kuroshio Current,4,303.8
Oncorhynchus kisutch,107.95,4.18,0.1,0.3761507936507937,Japan,61,JPN,392,11891.8,392,East China Sea,4,2972.95
Pagrus auratus,130,3.59,0.1,0.3,Japan,61,JPN,392,64378.9,392,East China Sea,4,16094.725
Paralichthys olivaceus,103,3.72,0.15,0.3332199546485261,Japan,61,JPN,392,3394.9,392,East China Sea,4,848.725
Pseudocaranx dentex,122,3.92,0.17,0.39365079365079364,Japan,61,JPN,392,3101.3,392,East China Sea,4,775.325
Seriola quinqueradiata,150,3.96,0.33,0.5310657596371883,Japan,61,JPN,392,148134.6,392,East China Sea,4,37033.65
Takifugu rubripes,80,3.6,0.31,0.4047619047619048,Japan,61,JPN,392,4273.1,392,East China Sea,4,1068.275
Thunnus orientalis,333,4.5,0.15,0.6395691609977324,Japan,61,JPN,392,12597.2,392,East China Sea,4,3149.3
Trachurus japonicus,50,3.4,0.31,0.34920634920634924,Japan,61,JPN,392,1215.2,392,East China Sea,4,303.8
Oncorhynchus kisutch,107.95,4.18,0.1,0.3761507936507937,Japan,61,JPN,392,11891.8,392,Sea of Japan/East Sea,4,2972.95
Pagrus auratus,130,3.59,0.1,0.3,Japan,61,JPN,392,64378.9,392,Sea of Japan/East Sea,4,16094.725
Paralichthys olivaceus,103,3.72,0.15,0.3332199546485261,Japan,61,JPN,392,3394.9,392,Sea of Japan/East Sea,4,848.725
Pseudocaranx dentex,122,3.92,0.17,0.39365079365079364,Japan,61,JPN,392,3101.3,392,Sea of Japan/East Sea,4,775.325
Seriola quinqueradiata,150,3.96,0.33,0.5310657596371883,Japan,61,JPN,392,148134.6,392,Sea of Japan/East Sea,4,37033.65
Takifugu rubripes,80,3.6,0.31,0.4047619047619048,Japan,61,JPN,392,4273.1,392,Sea of Japan/East Sea,4,1068.275
Thunnus orientalis,333,4.5,0.15,0.6395691609977324,Japan,61,JPN,392,12597.2,392,Sea of Japan/East Sea,4,3149.3
Trachurus japonicus,50,3.4,0.31,0.34920634920634924,Japan,61,JPN,392,1215.2,392,Sea of Japan/East Sea,4,303.8
Oncorhynchus kisutch,107.95,4.18,0.1,0.3761507936507937,Japan,61,JPN,392,11891.8,392,Northeastern Honshu,4,2972.95
Pagrus auratus,130,3.59,0.1,0.3,Japan,61,JPN,392,64378.9,392,Northeastern Honshu,4,16094.725
Paralichthys olivaceus,103,3.72,0.15,0.3332199546485261,Japan,61,JPN,392,3394.9,392,Northeastern Honshu,4,848.725
Pseudocaranx dentex,122,3.92,0.17,0.39365079365079364,Japan,61,JPN,392,3101.3,392,Northeastern Honshu,4,775.325
Seriola quinqueradiata,150,3.96,0.33,0.5310657596371883,Japan,61,JPN,392,148134.6,392,Northeastern Honshu,4,37033.65
Takifugu rubripes,80,3.6,0.31,0.4047619047619048,Japan,61,JPN,392,4273.1,392,Northeastern Honshu,4,1068.275
Thunnus orientalis,333,4.5,0.15,0.6395691609977324,Japan,61,JPN,392,12597.2,392,Northeastern Honshu,4,3149.3
Trachurus japonicus,50,3.4,0.31,0.34920634920634924,Japan,61,JPN,392,1215.2,392,Northeastern Honshu,4,303.8
Salmo salar,150,4.5,0.23,0.5487528344671202,"Korea, Dem. People's Rep",61,PRK,408,13.88888889,408,Sea of Japan/East Sea,1,13.88888889
Takifugu rubripes,80,3.6,0.31,0.4047619047619048,"Korea, Dem. People's Rep",61,PRK,408,7.222222222,408,Southern China,1,7.222222222
Acanthopagrus schlegeli,NA,NA,NA,NA,"Korea, Republic of",61,KOR,410,1539.5,410,Yellow Sea,3,513.1666666666666
Lateolabrax japonicus,102,3.36,0.18,0.2956916099773243,"Korea, Republic of",61,KOR,410,1798.2,410,Yellow Sea,3,599.4
Mugil cephalus,122,2.48,0.23,0.20589569160997734,"Korea, Republic of",61,KOR,410,5556.8,410,Yellow Sea,3,1852.2666666666667
Pagrus auratus,130,3.59,0.1,0.3,"Korea, Republic of",61,KOR,410,5484.2,410,Yellow Sea,3,1828.0666666666666
Paralichthys olivaceus,103,3.72,0.15,0.3332199546485261,"Korea, Republic of",61,KOR,410,42983.4,410,Yellow Sea,3,14327.800000000001
Sebastes schlegeli,NA,NA,NA,NA,"Korea, Republic of",61,KOR,410,24807.8,410,Yellow Sea,3,8269.266666666666
Seriola quinqueradiata,150,3.96,0.33,0.5310657596371883,"Korea, Republic of",61,KOR,410,187.2,410,Yellow Sea,3,62.4
Trachurus japonicus,50,3.4,0.31,0.34920634920634924,"Korea, Republic of",61,KOR,410,14.33333333,410,Yellow Sea,3,4.7777777766666665
Acanthopagrus schlegeli,NA,NA,NA,NA,"Korea, Republic of",61,KOR,410,1539.5,410,East China Sea,3,513.1666666666666
Lateolabrax japonicus,102,3.36,0.18,0.2956916099773243,"Korea, Republic of",61,KOR,410,1798.2,410,East China Sea,3,599.4
Mugil cephalus,122,2.48,0.23,0.20589569160997734,"Korea, Republic of",61,KOR,410,5556.8,410,East China Sea,3,1852.2666666666667
Pagrus auratus,130,3.59,0.1,0.3,"Korea, Republic of",61,KOR,410,5484.2,410,East China Sea,3,1828.0666666666666
Paralichthys olivaceus,103,3.72,0.15,0.3332199546485261,"Korea, Republic of",61,KOR,410,42983.4,410,East China Sea,3,14327.800000000001
Sebastes schlegeli,NA,NA,NA,NA,"Korea, Republic of",61,KOR,410,24807.8,410,East China Sea,3,8269.266666666666
Seriola quinqueradiata,150,3.96,0.33,0.5310657596371883,"Korea, Republic of",61,KOR,410,187.2,410,East China Sea,3,62.4
Trachurus japonicus,50,3.4,0.31,0.34920634920634924,"Korea, Republic of",61,KOR,410,14.33333333,410,East China Sea,3,4.7777777766666665
Acanthopagrus schlegeli,NA,NA,NA,NA,"Korea, Republic of",61,KOR,410,1539.5,410,Sea of Japan/East Sea,3,513.1666666666666
Lateolabrax japonicus,102,3.36,0.18,0.2956916099773243,"Korea, Republic of",61,KOR,410,1798.2,410,Sea of Japan/East Sea,3,599.4
Mugil cephalus,122,2.48,0.23,0.20589569160997734,"Korea, Republic of",61,KOR,410,5556.8,410,Sea of Japan/East Sea,3,1852.2666666666667
Pagrus auratus,130,3.59,0.1,0.3,"Korea, Republic of",61,KOR,410,5484.2,410,Sea of Japan/East Sea,3,1828.0666666666666
Paralichthys olivaceus,103,3.72,0.15,0.3332199546485261,"Korea, Republic of",61,KOR,410,42983.4,410,Sea of Japan/East Sea,3,14327.800000000001
Sebastes schlegeli,NA,NA,NA,NA,"Korea, Republic of",61,KOR,410,24807.8,410,Sea of Japan/East Sea,3,8269.266666666666
Seriola quinqueradiata,150,3.96,0.33,0.5310657596371883,"Korea, Republic of",61,KOR,410,187.2,410,Sea of Japan/East Sea,3,62.4
Trachurus japonicus,50,3.4,0.31,0.34920634920634924,"Korea, Republic of",61,KOR,410,14.33333333,410,Sea of Japan/East Sea,3,4.7777777766666665
Dicentrarchus labrax,103,3.47,0.17,0.30714285714285716,Kuwait,27,KWT,414,0.215,414,Arabian (Persian) Gulf,1,0.215
Sparus aurata,70,3.7,0.28,0.39229024943310664,Kuwait,51,KWT,414,18.65,414,Arabian (Persian) Gulf,1,18.65
Lates calcarifer,200,3.83,0.12,0.4072562358276644,Kuwait,51,KWT,414,0.25,414,Arabian (Persian) Gulf,1,0.25
Dicentrarchus labrax,103,3.47,0.17,0.30714285714285716,Libya,37,LBY,434,32,434,Tunisian Plateau/Gulf of Sidra,1,32
Sparus aurata,70,3.7,0.28,0.39229024943310664,Libya,37,LBY,434,21,434,Tunisian Plateau/Gulf of Sidra,1,21
Dicentrarchus labrax,103,3.47,0.17,0.30714285714285716,Malta,37,MLT,470,88.9612,470,Ionian Sea,1,88.9612
Sparus aurata,70,3.7,0.28,0.39229024943310664,Malta,37,MLT,470,1990.7813,470,Ionian Sea,1,1990.7813
Thunnus thynnus,458,4.45,0.08,0.6832199546485261,Malta,37,MLT,470,1630.8,470,Ionian Sea,1,1630.8
Rachycentron canadum,200,3.82,0.31,0.5349206349206349,Martinique,31,MTQ,474,10.125,474,Eastern Caribbean,1,10.125
Sciaenops ocellatus,155,3.74,0.4,0.5477324263038549,Martinique,31,MTQ,474,44.81,474,Eastern Caribbean,1,44.81
Dicentrarchus labrax,103,3.47,0.17,0.30714285714285716,Mauritius,51,MUS,480,118.8333333,480,Mascarene Islands,1,118.8333333
Sciaenops ocellatus,155,3.74,0.4,0.5477324263038549,Mauritius,51,MUS,480,413.55,480,Mascarene Islands,1,413.55
Sciaenops ocellatus,155,3.74,0.4,0.5477324263038549,Mexico,31,MEX,484,147.262375,484,Southern Gulf of Mexico,1,147.262375
Thunnus orientalis,333,4.5,0.15,0.6395691609977324,Mexico,77,MEX,484,4511.347181,484,Southern California Bight,1,4511.347181
Dicentrarchus labrax,103,3.47,0.17,0.30714285714285716,Montenegro,37,MNE,499,56.9,499,Adriatic Sea,1,56.9
Sparus aurata,70,3.7,0.28,0.39229024943310664,Montenegro,37,MNE,499,50,499,Adriatic Sea,1,50
Thunnus thynnus,458,4.45,0.08,0.6832199546485261,Morocco,34,MAR,504,70,504,Alboran Sea,1,70
Dicentrarchus labrax,103,3.47,0.17,0.30714285714285716,Morocco,37,MAR,504,100.77,504,Alboran Sea,1,100.77
Sparus aurata,70,3.7,0.28,0.39229024943310664,Morocco,37,MAR,504,17.485,504,Alboran Sea,1,17.485
Sparus aurata,70,3.7,0.28,0.39229024943310664,Oman,51,OMN,512,34,512,Gulf of Oman,2,17
Sparus aurata,70,3.7,0.28,0.39229024943310664,Oman,51,OMN,512,34,512,Western Arabian Sea,2,17
Rachycentron canadum,200,3.82,0.31,0.5349206349206349,Bonaire/S.Eustatius/Saba,31,BES,535,0.116666667,535,Southern Caribbean,1,0.116666667
Oncorhynchus tshawytscha,150,4.4,0.07,0.42403628117913844,New Zealand,81,NZL,554,11113.7,554,Central New Zealand,1,11113.7
Oncorhynchus mykiss,122,4.08,0.52,0.6571428571428571,Norway,27,NOR,578,72523.549,578,Northern Norway and Finnmark,2,36261.7745
Salmo salar,150,4.5,0.23,0.5487528344671202,Norway,27,NOR,578,1054496.75,578,Northern Norway and Finnmark,2,527248.375
Oncorhynchus mykiss,122,4.08,0.52,0.6571428571428571,Norway,27,NOR,578,72523.549,578,Southern Norway,2,36261.7745
Salmo salar,150,4.5,0.23,0.5487528344671202,Norway,27,NOR,578,1054496.75,578,Southern Norway,2,527248.375
Gadus morhua,200,4.09,0.14,0.4621315192743764,Norway,27,NOR,578,10223.552,578,Northern Norway and Finnmark,2,5111.776
Hippoglossus hippoglossus,470,4,0.03,0.5873015873015873,Norway,27,NOR,578,1692.761,578,Northern Norway and Finnmark,2,846.3805
Gadus morhua,200,4.09,0.14,0.4621315192743764,Norway,27,NOR,578,10223.552,578,Southern Norway,2,5111.776
Hippoglossus hippoglossus,470,4,0.03,0.5873015873015873,Norway,27,NOR,578,1692.761,578,Southern Norway,2,846.3805
Chanos chanos,219.6,2.4,0.19482758620689655,0.24673078426773007,Palau,71,PLW,585,18.29,585,West Caroline Islands,1,18.29
Rachycentron canadum,200,3.82,0.31,0.5349206349206349,Panama,31,PAN,591,562.9,591,Southwestern Caribbean,1,562.9
Chanos chanos,219.6,2.4,0.19482758620689655,0.24673078426773007,Philippines,71,PHL,608,102289,608,Eastern Philippines,2,51144.5
Trachinotus blochii,122.1,3.74,0.17,0.3651587301587302,Philippines,71,PHL,608,202.6666667,608,Eastern Philippines,2,101.33333335
Chanos chanos,219.6,2.4,0.19482758620689655,0.24673078426773007,Philippines,71,PHL,608,102289,608,Sulawesi Sea/Makassar Strait,2,51144.5
Trachinotus blochii,122.1,3.74,0.17,0.3651587301587302,Philippines,71,PHL,608,202.6666667,608,Sulawesi Sea/Makassar Strait,2,101.33333335
Argyrosomus regius,230,4.29,0.12,0.5040816326530613,Portugal,27,PRT,620,27.6746,620,South European Atlantic Shelf,1,27.6746
Dicentrarchus labrax,103,3.47,0.17,0.30714285714285716,Portugal,27,PRT,620,360.0343,620,South European Atlantic Shelf,1,360.0343
Scophthalmus maximus,122,4.36,0.25,0.5179138321995466,Portugal,27,PRT,620,2245.2021,620,South European Atlantic Shelf,1,2245.2021
Sparus aurata,70,3.7,0.28,0.39229024943310664,Portugal,27,PRT,620,977.2208,620,South European Atlantic Shelf,1,977.2208
Thunnus thynnus,458,4.45,0.08,0.6832199546485261,Portugal,27,PRT,620,25,620,South European Atlantic Shelf,1,25
Rachycentron canadum,200,3.82,0.31,0.5349206349206349,Puerto Rico,31,PRI,630,11,630,Greater Antilles,1,11
Sciaenops ocellatus,155,3.74,0.4,0.5477324263038549,Reunion,51,REU,638,50,638,Mascarene Islands,1,50
Scophthalmus maximus,122,4.36,0.25,0.5179138321995466,Romania,37,ROU,642,6.175555556,642,Black Sea,1,6.175555556
Salmo salar,150,4.5,0.23,0.5487528344671202,Russian Federation,27,RUS,643,8937.1,643,Black Sea,4,2234.275
Salmo salar,150,4.5,0.23,0.5487528344671202,Russian Federation,27,RUS,643,8937.1,643,White Sea,4,2234.275
Salmo salar,150,4.5,0.23,0.5487528344671202,Russian Federation,27,RUS,643,8937.1,643,Sea of Okhotsk,4,2234.275
Salmo salar,150,4.5,0.23,0.5487528344671202,Russian Federation,27,RUS,643,8937.1,643,Sea of Japan/East Sea,4,2234.275
Dicentrarchus labrax,103,3.47,0.17,0.30714285714285716,Saudi Arabia,51,SAU,682,300,682,Northern and Central Red Sea,2,150
Dicentrarchus labrax,103,3.47,0.17,0.30714285714285716,Saudi Arabia,51,SAU,682,300,682,Southern Red Sea,2,150
Sparus aurata,70,3.7,0.28,0.39229024943310664,Saudi Arabia,51,SAU,682,1487.8,682,Northern and Central Red Sea,2,743.9
Sparus aurata,70,3.7,0.28,0.39229024943310664,Saudi Arabia,51,SAU,682,1487.8,682,Southern Red Sea,2,743.9
Lates calcarifer,200,3.83,0.12,0.4072562358276644,Saudi Arabia,51,SAU,682,1207,682,Southern Red Sea,2,603.5
Mugil cephalus,122,2.48,0.23,0.20589569160997734,Saudi Arabia,51,SAU,682,38.2,682,Southern Red Sea,2,19.1
Lates calcarifer,200,3.83,0.12,0.4072562358276644,Saudi Arabia,51,SAU,682,1207,682,Northern and Central Red Sea,2,603.5
Mugil cephalus,122,2.48,0.23,0.20589569160997734,Saudi Arabia,51,SAU,682,38.2,682,Northern and Central Red Sea,2,19.1
Rachycentron canadum,200,3.82,0.31,0.5349206349206349,Singapore,71,SGP,702,1.879214286,702,Malacca Strait,1,1.879214286
Chanos chanos,219.6,2.4,0.19482758620689655,0.24673078426773007,Singapore,71,SGP,702,1615.8152,702,Malacca Strait,1,1615.8152
Lates calcarifer,200,3.83,0.12,0.4072562358276644,Singapore,71,SGP,702,440.8723,702,Malacca Strait,1,440.8723
Mugil cephalus,122,2.48,0.23,0.20589569160997734,Singapore,71,SGP,702,416.594,702,Malacca Strait,1,416.594
Trachinotus blochii,122.1,3.74,0.17,0.3651587301587302,Singapore,71,SGP,702,108.4564,702,Malacca Strait,1,108.4564
Rachycentron canadum,200,3.82,0.31,0.5349206349206349,Viet Nam,71,VNM,704,2954.666667,704,Southern Vietnam,2,1477.3333335
Rachycentron canadum,200,3.82,0.31,0.5349206349206349,Viet Nam,71,VNM,704,2954.666667,704,Gulf of Tonkin,2,1477.3333335
Dicentrarchus labrax,103,3.47,0.17,0.30714285714285716,Slovenia,37,SVN,705,53.54,705,Adriatic Sea,1,53.54
Argyrosomus regius,230,4.29,0.12,0.5040816326530613,Spain,27,ESP,724,15.683,724,South European Atlantic Shelf,1,15.683
Dicentrarchus labrax,103,3.47,0.17,0.30714285714285716,Spain,27,ESP,724,619.9325625,724,South European Atlantic Shelf,1,619.9325625
Oncorhynchus mykiss,122,4.08,0.52,0.6571428571428571,Spain,27,ESP,724,5.225,724,South European Atlantic Shelf,1,5.225
Salmo salar,150,4.5,0.23,0.5487528344671202,Spain,27,ESP,724,20.9947,724,South European Atlantic Shelf,1,20.9947
Scophthalmus maximus,122,4.36,0.25,0.5179138321995466,Spain,27,ESP,724,7334.5908,724,South European Atlantic Shelf,1,7334.5908
Sparus aurata,70,3.7,0.28,0.39229024943310664,Spain,27,ESP,724,1152.268333,724,South European Atlantic Shelf,1,1152.268333
Dicentrarchus labrax,103,3.47,0.17,0.30714285714285716,Spain,34,ESP,724,4172.342667,724,Azores Canaries Madeira,1,4172.342667
Sparus aurata,70,3.7,0.28,0.39229024943310664,Spain,34,ESP,724,2611.248667,724,Azores Canaries Madeira,1,2611.248667
Sparus aurata,70,3.7,0.28,0.39229024943310664,Spain,34,ESP,724,2611.248667,724,Azores Canaries Madeira,1,2611.248667
Argyrosomus regius,230,4.29,0.12,0.5040816326530613,Spain,37,ESP,724,1061.4367,724,Alboran Sea,2,530.71835
Argyrosomus regius,230,4.29,0.12,0.5040816326530613,Spain,37,ESP,724,1061.4367,724,Western Mediterranean,2,530.71835
Dicentrarchus labrax,103,3.47,0.17,0.30714285714285716,Spain,37,ESP,724,9548.92465,724,Alboran Sea,2,4774.462325
Dicentrarchus labrax,103,3.47,0.17,0.30714285714285716,Spain,37,ESP,724,9548.92465,724,Western Mediterranean,2,4774.462325
Scophthalmus maximus,122,4.36,0.25,0.5179138321995466,Spain,37,ESP,724,3,724,Western Mediterranean,1,3
Sparus aurata,70,3.7,0.28,0.39229024943310664,Spain,37,ESP,724,14640.25795,724,Alboran Sea,2,7320.128975
Sparus aurata,70,3.7,0.28,0.39229024943310664,Spain,37,ESP,724,14640.25795,724,Western Mediterranean,2,7320.128975
Thunnus thynnus,458,4.45,0.08,0.6832199546485261,Spain,37,ESP,724,590.5,724,Alboran Sea,2,295.25
Thunnus thynnus,458,4.45,0.08,0.6832199546485261,Spain,37,ESP,724,590.5,724,Western Mediterranean,2,295.25
Oncorhynchus mykiss,122,4.08,0.52,0.6571428571428571,Sweden,27,SWE,752,2411.2,752,Baltic Sea,1,2411.2
Salmo salar,150,4.5,0.23,0.5487528344671202,Sweden,27,SWE,752,1.666666667,752,Baltic Sea,1,1.666666667
Dicentrarchus labrax,103,3.47,0.17,0.30714285714285716,United Arab Emirates,51,ARE,784,166.6666667,784,Arabian (Persian) Gulf,2,83.33333335
Dicentrarchus labrax,103,3.47,0.17,0.30714285714285716,United Arab Emirates,51,ARE,784,166.6666667,784,Gulf of Oman,2,83.33333335
Sparus aurata,70,3.7,0.28,0.39229024943310664,United Arab Emirates,51,ARE,784,307.7,784,Arabian (Persian) Gulf,2,153.85
Sparus aurata,70,3.7,0.28,0.39229024943310664,United Arab Emirates,51,ARE,784,307.7,784,Gulf of Oman,2,153.85
Argyrosomus regius,230,4.29,0.12,0.5040816326530613,Tunisia,37,TUN,788,40,788,Tunisian Plateau/Gulf of Sidra,1,40
Thunnus thynnus,458,4.45,0.08,0.6832199546485261,Tunisia,37,TUN,788,304.6,788,Tunisian Plateau/Gulf of Sidra,1,304.6
Argyrosomus regius,230,4.29,0.12,0.5040816326530613,Turkey,37,TUR,792,2848.333333,792,Aegean Sea,2,1424.1666665
Dicentrarchus labrax,103,3.47,0.17,0.30714285714285716,Turkey,37,TUR,792,59962.15,792,Aegean Sea,3,19987.383333333335
Oncorhynchus mykiss,122,4.08,0.52,0.6571428571428571,Turkey,37,TUR,792,4952.82,792,Aegean Sea,3,1650.9399999999998
Sparus aurata,70,3.7,0.28,0.39229024943310664,Turkey,37,TUR,792,37229.11,792,Aegean Sea,3,12409.703333333333
Thunnus thynnus,458,4.45,0.08,0.6832199546485261,Turkey,37,TUR,792,545,792,Aegean Sea,3,181.66666666666666
Argyrosomus regius,230,4.29,0.12,0.5040816326530613,Turkey,37,TUR,792,2848.333333,792,Levantine Sea,2,1424.1666665
Dicentrarchus labrax,103,3.47,0.17,0.30714285714285716,Turkey,37,TUR,792,59962.15,792,Levantine Sea,3,19987.383333333335
Oncorhynchus mykiss,122,4.08,0.52,0.6571428571428571,Turkey,37,TUR,792,4952.82,792,Levantine Sea,3,1650.9399999999998
Sparus aurata,70,3.7,0.28,0.39229024943310664,Turkey,37,TUR,792,37229.11,792,Levantine Sea,3,12409.703333333333
Thunnus thynnus,458,4.45,0.08,0.6832199546485261,Turkey,37,TUR,792,545,792,Levantine Sea,3,181.66666666666666
Dicentrarchus labrax,103,3.47,0.17,0.30714285714285716,Turkey,37,TUR,792,59962.15,792,Black Sea,3,19987.383333333335
Oncorhynchus mykiss,122,4.08,0.52,0.6571428571428571,Turkey,37,TUR,792,4952.82,792,Black Sea,3,1650.9399999999998
Sparus aurata,70,3.7,0.28,0.39229024943310664,Turkey,37,TUR,792,37229.11,792,Black Sea,3,12409.703333333333
Thunnus thynnus,458,4.45,0.08,0.6832199546485261,Turkey,37,TUR,792,545,792,Black Sea,3,181.66666666666666
Pagrus pagrus,91,3.86,0.13,0.332312925170068,Turkey,37,TUR,792,158,792,Ionian Sea,1,158
Chanos chanos,219.6,2.4,0.19482758620689655,0.24673078426773007,Tuvalu,71,TUV,798,2.333333333,798,Gilbert/Ellis Islands,1,2.333333333
Dicentrarchus labrax,103,3.47,0.17,0.30714285714285716,United Kingdom,27,GBR,826,222.2222222,826,Celtic Seas,1,222.2222222
Oncorhynchus mykiss,122,4.08,0.52,0.6571428571428571,United Kingdom,27,GBR,826,2474.9,826,Celtic Seas,1,2474.9
Salmo salar,150,4.5,0.23,0.5487528344671202,United Kingdom,27,GBR,826,155714.678,826,Celtic Seas,1,155714.678
Scophthalmus maximus,122,4.36,0.25,0.5179138321995466,United Kingdom,27,GBR,826,20.825,826,Celtic Seas,1,20.825
Gadus morhua,200,4.09,0.14,0.4621315192743764,United Kingdom,27,GBR,826,977.9,826,Celtic Seas,1,977.9
Hippoglossus hippoglossus,470,4,0.03,0.5873015873015873,United Kingdom,27,GBR,826,108.21,826,Celtic Seas,1,108.21
Scophthalmus maximus,122,4.36,0.25,0.5179138321995466,Channel Islands,27,NA,830,2.04,830,Celtic Seas,1,2.04
Salmo salar,150,4.5,0.23,0.5487528344671202,United States of America,21,USA,840,17170.3,840,"Oregon, Washington, Vancouver Coast and Shelf",3,5723.433333333333
Salmo salar,150,4.5,0.23,0.5487528344671202,United States of America,21,USA,840,17170.3,840,Northern California,3,5723.433333333333
Salmo salar,150,4.5,0.23,0.5487528344671202,United States of America,21,USA,840,17170.3,840,Gulf of Maine/Bay of Fundy,3,5723.433333333333
Sciaenops ocellatus,155,3.74,0.4,0.5477324263038549,United States of America,31,USA,840,1424.1,840,Northern Gulf of Mexico,1,1424.1
